name,address,website
ACCEPT Education Collaborative,"4 Tech Circle, Natick, MA 01760",http://www.accept.org/
ACES,"370 James St, Ste 303, New Haven, CT 06513",http://www.aces.org/
Adams County BOCES,"1400 W 122nd Ave, Ste 110, Westminster, CO 80234",http://www.aboces.org/
Alameda COE,"313 West Winton Ave, Hayward, CA 94544-1198",http://www.acoe.org/
Allegan Area Educational Service Agency,"310 Thomas St, Allegan, MI 49010",http://www.alleganaesa.org/
Allegheny IU 3,"475 East Waterfront Dr, Homestead, PA 15120",http://www.aiu3.net/
Alpena-Montmorency-Alcona ESD,"2118 US 23 S, Alpena, MI 49707",http://www.amaesd.org/
Alpine COE,"43 Hawkside Dr, Markleeville, CA 96120",http://alpinecoe.k12.ca.us/
Amador COE,"217 Rex Ave, Ste 7, Jackson, CA 95642",http://www.amadorcoe.org/
American Association of School Administrators AASA,"1615 Duke St, Alexandria, VA 22314",https://www.aasa.org/home/
Apache County,"75 North 1st West, St. Johns, AZ 85936",http://www.co.apache.az.us/
Appalachia IU 8,"4500 6th Ave, Altoona, PA 16602",http://www.iu08.org/
Appalachian Education Service Agency,"439 Walnut Meadow Rd, ",http://www.iu08.org/
Arch Ford ESC,"101 Bulldog Dr, Plumerville, AR 72127",http://www.archford.org/
ARIN IU 28,"2895 W Pike, Indiana, PA 15701-9769",http://www.iu28.org/
Arkansas River ESC,"912 West 6th St, Pine Bluff, AR 71601",http://www.aresc.k12.ar.us/
Arrowhead Regional Computing Consortium ARCC,"4884 Miller Trunk Hwy, Hermantown, MN 55811",https://www.arcc.org/
Ashtabula County ESC,"2630 W 13th St, Ashtabula, OH 44004",http://www.acesc.k12.oh.us/
Assabet Valley Collaborative,"28 Lord Rd, Ste 130, Marlborough, MA 01752",http://www.avcollaborative.org/
Beaver Valley IU 27,"147 Poplar Ave, Monaca, PA 15061",http://www.bviu.org/
Berks County IU 14,"1111 Commons Blvd, PO Box 16050, Reading, PA 19612-6050",http://www.berksiu.org/
Berrien RESA,"711 St Joseph Ave, PO Box 364, Berrien Springs, MI 49103",http://www.berrienresa.org/
Bi-County Educational Collaborative,"397 E Central St, Franklin, MA 02038",http://www.bicounty.org/
BLaST IU 17,"2400 Reach Rd, PO Box 3609, Williamsport, PA 17701",http://www.iu17.org/
Branch ISD,"370 Morse St, Coldwater, MI 49036",http://www.branch-isd.org/
BrightWorks,"2 Pine Tree Dr, Ste 101, Arden Hills, MN 55112",http://www.metroecsu.org/index.html
Broome-Tioga BOCES,"435 Glenwood Rd, Binghanton, NY 13905-1699",http://www.btboces.org/
Brown County ESC,"9231-B Hamer Rd, Georgetown, OH 45121",https://www.brownesc.us/
Bucks County IU 22,"705 N Shady Retreat Rd, Doylestown, PA 18901",http://www.bucksiu.org/
Bureau/Henry/Stark ROE 28,"107 S State St, Atkinson, IL 61235",http://www.bhsroe.org/
Butler County ESC,"400 N Erie Blvd, Ste A, Hamilton, OH 45011",http://www.bcesc.org/
Butte COE,"1859 Bird St, Oroville, CA 95965-4854",http://www.bcoe.org/
Calaveras COE,"185 S Main St, Angels Camp, CA 95221",http://www.ccoe.k12.ca.us/
Capital Area IU 15,"55 Miller St, Enola, PA 17025",http://www.caiu.org/
Capital Region BOCES,"900 Watervliet-Shaker Rd, Albany, NY 12205",http://www.capregboces.org/
Capital Region ESD 113,"6005 Tyree Dr SW, Tumwater, WA 98512",https://www.esd113.org/
Capitol Region Education Council,"111 Charter Oak Ave, Hartford, CT 06106",http://www.crec.org/
CAPS Education Collaborative,"2 Narrows Rd, Ste C 105, Westminster, MA 01473",http://www.capsed.net/
Carbon Lehigh IU 21,"4210 Independence Dr, Schnecksville, PA 18078-2580",http://www.cliu.org/
CASE Collaborative,"120 Meriam Rd, Concord, MA 01742",http://www.casecollaborative.org/
Cattaraugus-Allegany-Erie-WY BOCES,"1825 Windfall Rd, Olean, NY 14760",http://www.caboces.org/
Cayuga-Onondaga BOCES,"1879 W Genesee Street Rd, Auburn, NY 13021",http://www.cayboces.org/
Centennial BOCES,"2020 Clubhouse Dr, Greeley, CO 80634",http://www.cboces.org/
"Center for Instruction, Tech & Innov-CiTi","179 County Route 64, Mexico, NY 13114",http://www.citiboces.org/
Central Carolina RESA,"7208 Falls of the Neuse Rd #104, Raleigh, NC 27615",https://www.ccresa.net/
Central Indiana ESC,"3500 Depauw Blvd, Pyramid Two-2020, Indianapolis, IN 46268",http://www.ciesc.org/
Central Intermediate Unit 10,"200 Shady Ln, Ste 100, Philipsburg, PA 16866",http://www.ciu10.org/
Central Kentucky EC,"2331 Fortune Dr, Ste 110, Lexington, KY 40509",http://www.ckec.org/
Central MA Collaborative (CMC),"20 Rockdale Street, Worcester, MA 01606",http://www.cmasscollaborative.org/
Central Region Educational Cooperative 5,"5323 Menaul Blvd NE, PO Box 37440, Albuquerque, NM 87110",http://www.crecnm.org/
Central Regional Education Association,"1929 N Washington St, Ste A, Bismarck, ND 58501",https://www.creand.org/
Central Rivers AEA,"1521 Technology Pkwy, Cedar Falls, IA 50613",http://www.aea267.k12.ia.us/
Central Savannah River Area RESA,"4683 Augusta Hwy SE, Dearing, GA 30808",http://www.csraresa.net/
Central Susquehanna IU 16,"90 Lawton Ln, Milton, PA 17847",http://www.csiu.org/
Central Utah Educational Services,"820 N Main St, Ste 3, Richfield, UT 84701",https://www.mycues.org/
CESA 01,"N25 W23131 Paul Rd, Ste 100, Pewaukee, WI 53072",http://www.cesa1.k12.wi.us/
CESA 02,"1221 Innovation Dr, Ste 205, Whitewater, WI 53190",https://www.cesa2.org/
CESA 03,"1300 Industrial Dr, Fennimore, WI 53809",https://www.cesa3.org/
CESA 04,"923 East Garland St, West Salem, WI 54669",http://www.cesa4.k12.wi.us/
CESA 05,"626 E Slifer St, Portage, WI 53901-0564",http://www.cesa5.org/
CESA 06,"2300 State Rd 44, Oshkosh, WI 54904-9137",https://www.cesa6.org/
CESA 07,"595 Baeten Rd, Green Bay, WI 54304",https://www.cesa7.org/
CESA 08,"223 W Park St, PO Box 320, Gillett, WI 54124",http://www.cesa8.k12.wi.us/
CESA 09,"304 Kaphaem Rd, Tomahawk, WI 54487",http://www.cesa9.k12.wi.us/
CESA 10,"725 West Park Ave, Chippewa Falls, WI 54729",http://www.cesa10.k12.wi.us/
CESA 11,"225 Ostermann Dr, Turtle Lake, WI 54889-9191",http://www.cesa11.k12.wi.us/
CESA 12,"400 Lakeshore Drive East, Ashland, WI 54806-2751",https://www.cesa12.org/
Champaign Ford ROE 9,"3358 Big Pine Trl, Champaign, IL 61822",http://www.roe9.k12.il.us/
Champlain Valley Educational Services,"PO Box 455, Plattsburgh, NY 12901-0455",http://www.cves.org/
Champlain Valley Educator Development Ctr,"150 Kennedy Dr, South Burlington, VT 05403",http://www.cvedcvt.org/
Charlevoix-Emmet ISD,"08568 Mercer Blvd, Charlevoix, MI 49720",http://www.charemisd.org/
Chester County IU 24,"455 Boot Rd, Downingtown, PA 19335",http://www.cciu.org/
Clackamas ESD,"13455 SE 97th Ave #8662, Clackamas, OR 97015-8662",http://www.clackesd.k12.or.us/
Clare-Gladwin RESD,"4041 E Mannsiding Rd, Clare, MI 48617",http://www.cgresd.net/
Clinton County RESA,"1013 S US 27, Ste A, St. Johns, MI 48879",http://www.ccresa.org/
Cochise County,"4001 E Foothills Dr, Ste A, Sierra Vista, AZ 85635",http://www.cochise.az.gov/
Coconino County,"2384 Steves Blvd, Flagstaff, AZ 86004",http://www.coconino.az.gov/index.aspx%3Fnid=359
Collaborative for Educational Services (CES),"97 Hawley St, Northampton, MA 01060-2327",http://www.collaborative.org/
Colonial IU 20,"6 Danforth Dr, Easton, PA 18045-7899",http://www.ciu20.org/
Colorado River BOCES,"460 Stone Quarry Rd, PO Box 68, Parachute, CO 86351",http://www.crboces.org/
Columbia Gorge ESD,"400 E Scenic Dr, Ste 207, The Dalles, OR 97058",https://www.cgesd.k12.or.us/
Columbiana County ESC,"38720 Saltwell Rd, Lisbon, OH 44432",http://web.ccesc.k12.oh.us/ccesc/
Colusa COE,"345 5th St, Ste A, Colusa, CA 95932",http://www.ccoe.net/
Contra Costa COE,"77 Santa Barbara Rd, Pleasant Hill, CA 94523",http://www.cocoschools.org/
Cooperative Educational Services (CT),"40 Lindeman Dr, Trumbull, CT 06611",http://www.ces.k12.ct.us/
Copper Country ISD,"809 Hecla St, Hancock, MI 49930",http://www.copperisd.org/
CREST Collaborative,"20 Shattuck Rd, Andover, MA 01810",http://www.crestcollaborative.org/
Crowley's Ridge ESC,"1606 Pine Grove Ln, Harrisburg, AR 72432",http://crowleys.crsc.k12.ar.us/
Dawson ESC,"711 Clinton St, Arkadelphia, AR 71923",http://www.dawsonesc.com/
DCMO BOCES,"6678 County Rd 32, Norwich, NY 13815-3554",http://www.dcmoboces.com/
Del Norte COE,"301 W Washington Blvd, Crescent City, CA 95531",http://www.delnorte.k12.ca.us/
Delaware County IU 25,"200 Yale Ave, Morton, PA 19070-1918",http://www.dciu.org/Page/1
Delta Area Assoc for Imprvmt of Schools,"328 Ewing Hall, DSU Box 3333, Cleveland, MS 38733",https://services.daais.org/
Delta-Schoolcraft ISD,"2525 3rd Ave S, Escanaba, MI 49829",http://www.dsisd.net/
DeQueen-Mena ESC,"305 South Hornberg Ave, Gillham, AR 71841",http://www.dmesc.org/
Dickinson-Iron ISD,"1074 Pyle Dr, Kingsford, MI 49802",http://www.diisd.org/
Douglas ESD,"1409 NE Diamond Lake Blvd, Ste 110, Roseburg, OR 97470",http://www.douglasesd.k12.or.us/
Dutchess BOCES,"5 BOCES Rd, Poughkeepsie, NY 12601",https://www.dcboces.org/
East Bay Educational Collaborative,"317 Market St, Warren, RI 02885",http://www.ebecri.org/
East Central BOCES,"820 Second St, PO Box 910, Limon, CO 80828",http://www.ecboces.org/
East Central ESC,"705 W 21st St, Connersville, IN 47331",http://www.ecesc.k12.in.us/
East Central Ohio ESC,"834 East High Ave, New Philadelphia, OH 44663",http://www.ecoesc.org/
East MS Center for Educational Development,"1000 Highway 19 N, Meridian, MS 39307",http://www.emced.org/
EASTCONN Regional ESC,"376 Hartford Turnpike, Hampton, CT 06247",http://www.eastconn.org/
Eastern Suffolk BOCES,"201 Sunrise Hwy, Patchogue, NY 11772",http://www.esboces.org/
Eastern Upper Peninsula ISD,"315 Armory Pl, Sault Ste. Marie, MI 49783",http://eup.k12.mi.us/
Eaton RESA,"1790 East Packard Hwy, Charlotte, MI 48813",http://www.eatonisd.org/
EdAdvance,"355 Goshen Rd, PO Box 909, Litchfield, CT 06759",http://www.educationconnection.org/
Educational Service District 105,"33 S Second Ave, Yakima, WA 98902",http://www.esd105.org/
Educational Service District 112,"2500 NE 65th Ave, Vancouver, WA 98661",http://www.esd112.org/
Educational Service District 123,"3918 W Court St, Pasco, WA 99301",http://www.esd123.org/
Educational Service Unit 01,"211 10th St, Wakefield, NE 68784",http://www.esu1.org/
Educational Service Unit 02,"2320 N Colorado Ave, Fremont, NE 68025-0649",http://www.esu2.org/
Educational Service Unit 03,"6949 South 110th St, La Vista, NE 68128",http://www.esu3.org/
Educational Service Unit 04,"2301 Dahlke Ave, Auburn, NE 68305",http://www.esu4.org/
Educational Service Unit 05,"900 W Court St, Beatrice, NE 68310",http://www.esu5.org/
Educational Service Unit 06,"210 5th St, Milford, NE 68405",http://www.esu6.org/
Educational Service Unit 07,"2657 44th Ave, Columbus, NE 68601",http://www.esu7.org/
Educational Service Unit 08,"110 W 3rd St, PO Box 89, Neligh, NE 68756",http://www.esu8.org/
Educational Service Unit 09,"5807 Osborne Dr W, Hastings, NE 68901",http://www.esu9.org/
Educational Service Unit 10,"76 Plaza Blvd, Kearney, NE 68845",http://www.esu10.org/
Educational Service Unit 11,"412 W 14th Ave, PO Box 858, Holdrege, NE 68949",http://www.esu11.org/
Educational Service Unit 13,"4215 Ave I, Scottsbluff, NE 69361",http://www.esu13.org/
Educational Service Unit 15,"344 Main St, PO Box 398, Trenton, NE 69044",http://www.esu15.org/
Educational Service Unit 16,"314 W First St, Ogallala, NE 69153",http://www.esu16.org/
Educational Service Unit 17,"207 N Main St, Ainsworth, NE 69210",http://www.esu17.org/
Educational Service Unit 18,"5905 O St, Lincoln, NE 68510",http://www.lps.org/
Educational Service Unit 19,"3215 Cuming St, Omaha, NE 68103",http://www.esu19.org/
Educational Services Commission of NJ,"1660 Stelton Rd, Piscataway, NJ 08854",https://www.escnj.us/
EducationPlus,"1460 Craig Rd, St. Louis, MO 63146",http://www.edplus.org/
El Dorado COE,"6767 Green Valley Rd, Placerville, CA 95667",http://www.edcoe.org/
Erie 1 BOCES,"355 Harlem Rd, West Seneca, NY 14224-1892",https://www.e1b.org/
Erie 2 BOCES-Chautauqua-Cattaraugus,"8685 Erie Rd, Angola, NY 14006",http://www.e2ccb.org/
ESC of Central Ohio,"2080 Citygate Dr, Columbus, OH 43219",https://www.escco.org/
ESC of Lake Erie West,"2275 Collingwood Blvd, Toledo, OH 43620",http://www.esclakeeriewest.org/
ESC of Lorain County,"1885 Lake Ave, Elyria, OH 44035",http://www.loraincountyesc.org/
ESC of Medina County,"275 Center St, Seville, OH 44273",http://www.medina-esc.org/
ESC of Northeast Ohio,"6393 Oak Tree Blvd, Ste 300, Independence, OH 44131",http://www.esc-cc.org/
ESC of the Western Reserve,"8221 Auburn Rd, Concord Township, OH 44077",https://www.lcesc.k12.oh.us/
ESSDACK,"1500 East 11th, Ste 200, Hutchinson, KS 67501",http://www.essdack.org/
Fairfield County ESC,"955 Liberty Dr, Lancaster, OH 43130",https://www.faircoesc.org/
Four Corners Regional Education Cooperative 1,"325 N Bergin Ln, Bloomfield, NM 87413",http://www.nmrec1.org/
Franklin-Essex-Hamilton BOCES,"23 Huskie Ln, PO Box 28, Malone, NY 12953",http://www.fehb.org/
Fremont County BOCES,"413 N 4th West, Riverton, WY 82501",http://www.fcboces.org/
Fresno COE,"1111 Van Ness, Fresno, CA 93721-2000",http://www.fcoe.org/
Front Range BOCES,"6500 Arapahoe Rd, Boulder, CO 80303",http://www.frboces.org/
Gallia-Vinton ESC,"60 Ridge Ave, Wood Hall Rm 131, PO Box 178, Rio Grande, OH 45674",http://www.galliavintonesc.org/
Genesee ISD,"2413 West Maple Ave, Flint, MI 48507",http://www.geneseeisd.org/
Genesee Valley BOCES,"80 Munson St, Le Roy, NY 14482",http://www.gvboces.org/
Gila County,"1400 East Ash St, Globe, AZ 85501",http://www.gilacountyaz.gov/government/school_superintendent/index.php
Glenn COE,"311 S Villa Ave, Willows, CA 95988",http://www.glenncoe.org/
Gogebic-Ontonagon ISD,"202 Elm St, PO Box 218, Bergland, MI 49910",http://www.goisd.org/
Graham County,"921 Thatcher Blvd, 2nd Fl, Safford, AZ 85546",http://www.graham.az.gov/201/School-Superintendent
Grand Valley BOCES,"2508 Blichmann Ave, Grand Junction, CO 81505",http://www.grandvalleyboces.org/
Grant County ESD,"835 S Canyon Blvd A, John Day, OR 97845",https://www.grantesd.k12.or.us/
Grant Wood AEA,"4401 Sixth St SW, Cedar Rapids, IA 52404",http://www.gwaea.org/
Gratiot-Isabella RESD,"1131 E Center St, PO Box 310, Ithaca, MI 48847",https://www.giresd.net/
Great Prairie AEA,"2814 N Court St, Ottumwa, IA 52501",https://www.gpaea.org/
Great Rivers ESC,"PO Box 2837, West Helena, AR 72390",http://www.greatrivers.net/
Greater Southern Tier BOCES,"9579 Vocational Dr, Painted Post, NY 14870-9518",http://www.gstboces.org/
Green Charter Schools,"211 Century Dr, Ste 100-C, Greenville, SC 29607",http://www.scgreencharter.org/
Green Hills AEA,"24997 IA-92, Council Bluffs, IA 51503",http://www.ghaea.org/
Green River Regional EC (GRREC),"230 Technology Way, Bowling Green, KY 42101",http://www.grrec.org/
Greene County ESC,"360 E Enon Rd, Yellow Springs, OH 45387",https://www.greeneesc.org/
Greenlee County,"PO Box 1595, Clifton, AZ 85533",http://www.co.greenlee.az.us/elected-officials/superintendent-of-schools/
Gulf Coast Education Initiative Consortium,"11975 Seaway Rd, Ste A240, Gulfport, MS 39503",http://www.gceic.org/
Guy Fenter Cooperative,"3010 E Highway 22, Ste A, Branch, AR 72928",http://www.gfesc.us/
Hamilton County ESC,"11083 Hamilton Ave, Cincinnati, OH 45231-1499",http://www.hcesc.org/
Hamilton-Fulton-Montgomery BOCES,"2755 State Hwy 67, Johnstown, NY 12095",http://www.hfmboces.org/
Harney ESD,"25 Fairview Hts, PO Box 460, Burns, OR 97720",http://www.harneyesd.k12.or.us/
Heartland AEA,"6500 Corporate Dr, Johnston, IA 50131",http://www.heartlandaea.org/
Heartland Educational Consortium,"1096 US Highway 27 N, Lake Placid, FL 33852",http://www.heartlanded.org/
High Desert ESD,"2804 SW Sixth St, Redmond, OR 97756",http://www.hdesd.org/
High Plains REC 3,"101 N 2nd St, Raton, NM 87740",http://www.hprec.com/
Hrkmr-Fulton-Hmltn-Otsego BOCES,"352 Gros Blvd, Herkimer, NY 13350",http://www.herkimer-boces.org/
Humboldt COE,"901 Myrtle Ave, Eureka, CA 95501",http://www.humboldt.k12.ca.us/
Huron ISD,"1299 S Thomas Rd, Ste 1, Bad Axe, MI 48413",https://www.huronisd.org/
Imperial COE,"1398 Sperber Rd, El Centro, CA 92243",http://www.icoe.org/
Ingham ISD,"2630 West Howell Rd, Mason, MI 48854",http://www.inghamisd.org/
Intermediate District 287,"1820 North Xenium Ln N, Plymouth, MN 55441",http://www.district287.org/
Intermediate District 917,"1300 145th St, Rosemount, MN 55068-2999",http://www.isd917.k12.mn.us/
Intermediate Unit 1,"One Intermediate Unit Dr, Coal Center, PA 15423-9642",https://www.iu1.org/
InterMountain ESD,"2001 SW Nye Ave, Pendleton, OR 97801",http://www.imesd.k12.or.us/
Inyo COE,"166 Grandview Dr, Bishop, CA 93514",http://www.inyocoe.org/
Iroquois-Kankakee Regional Office of Education 32,"1 Stuart Dr, Kankakee, IL 60901",http://www.i-kan.org/
Jackson County ISD,"6700 Browns Lake Rd, Jackson, MI 49201",http://www.jcisd.org/
Jefferson County ESC,"2023 Sunset Blvd, Steubenville, OH 43952",http://www.jcesc.k12.oh.us/
Jefferson County ESD,"295 SE Buff St, Madras, OR 97741",http://www.jcesd.k12.or.us/
Jffrsn-Lwis-Hmltn-Hrkmr-Oneida BOCES,"20104 State Route 3, Watertown, NY 13601",http://www.boces.com/
Kalamazoo RESA,"1819 E Milham Ave, Portage, MI 49002",http://www.kresa.org/kresa/site/default.asp
Kane County ROE,"28 N First St, Geneva, IL 60134",http://www.kaneroe.org/
Kent ISD,"2930 Knapp St NE, Grand Rapids, MI 49525",http://www.kentisd.org/
Kentucky Autism Training Center,"1405 E Burnett Ave, Louisville, KY 40217",https://www.louisville.edu/education/kyautismtraining
Kentucky Educational Development Corp (KEDC),"904 Rose Rd, Ashland, KY 41102-7104",http://www.kedc.org/
Kentucky Valley EC,"412 Roy Campbell Dr, Ste 102, Hazard, KY 41701",http://www.kentuckyvalley.org/
Kern COE,"1300 17th St - City Centre, Ste 603, Bakersfield, CA 93301-4533",http://www.kern.org/
Keystone AEA,"1400 2nd St NW, Elkader, IA 52043-9564",http://www.aea1.k12.ia.us/
Keystone Educational Collaborative,"2 Shaker Rd, Ste D-215, Shirley, MA 01473",https://www.keystonecollaborative.org/
Keystone Learning,"500 E Sunflower, Ozawkie, KS 66070",http://www.keystonelearning.org/
Kings COE,"1144 West Lacey Blvd, Hanford, CA 93230",http://www.kings.k12.ca.us/
La Paz County,"1112 S Joshua Ave, Ste 205, Parker, AZ 85344",http://co.la-paz.az.us/447/Education-Service-Agency
Lake COE,"1152 South Main St, Lakeport, CA 95453",http://www.lakecoe.org/
Lake County ESD,"357 North L St, Lakeview, OR 97630",http://www.lakeesd.k12.or.us/
Lakes Country Service Cooperative,"1001 East Mount Faith, Fergus Falls, MN 56537",http://www.lcsc.org/
Lancaster-Lebanon IU 13,"1020 New Holland Ave, Lancaster, PA 17601",http://www.iu13.org/
Lane ESD,"1200 Highway 99 N, Eugene, OR 97402",http://www.lesd.k12.or.us/
Lassen COE,"472-013 Johnstonville Rd, N, Susanville, CA 96130",http://www.lcoe.org/
Lawrence County ESC,"304 N 2nd St, Ironton, OH 45638",https://lawrencecountyesc.com/
LEARN Regional ESC,"44 Hatchetts Hill Rd, Old Lyme, CT 06371",http://www.learn.k12.ct.us/
Learning Technology Center of Illinois,"3358 Big Pine Trl, Champaign, IL 61822",https://www.ltcillinois.org/
Lincoln IU 12,"65 Billerbeck St, PO Box 70, New Oxford, PA 17350",http://www.iu12.org/
Linn Benton Lincoln ESD,"905 SE 4th Ave, Albany, OR 97321",http://www.lblesd.k12.or.us/
Livingston ESA,"1425 W Grand River Ave, Howell, MI 48843",http://www.lesa.k12.mi.us/
Los Angeles COE,"9300 Imperial Hwy, Downey, CA 90242-2890",http://www.lacoe.edu/
Louisiana Assoc of Computer Using Educators LACUE,"8550 United Plaza Blvd, Ste 1001, Baton Rouge, LA 70809",https://www.lacue.org/
Low Country Education Consortium,"815 S Main St, Summerville, SC 29483",https://www.lowcountryeducationconsortium.org/
Lower Pioneer Valley EC,"174 Brush Hill Ave, West Springfield, MA 01089",http://www.lpvec.org/
Luzerne IU 18,"368 Tioga Ave, Kingston, PA 18704-5117",http://www.liu18.org/
Macomb ISD,"44001 Garfield Rd, Clinton Township, MI 48038-1100",http://www.misd.net/
Madera COE,"1105 S Madera Ave, Madera, CA 93638",http://www.mcsos.org/
Madison-Oneida BOCES,"4937 Spring Rd, PO Box 168, Verona, NY 13478-0168",http://www.moboces.org/
Mahoning County ESC,"7320 N Palmyra Rd, Canfield, OH 44406",http://www.mahoningesc.org/
Malheur ESD,"363 A St W, Vale, OR 97918",http://www.malesd.k12.or.us/
Manistee ISD,"772 E Parkdale Ave, Manistee, MI 49660",http://www.manistee.org/
Maricopa County,"4041 N Central Ave, Ste 1200, Phoenix, AZ 85012",http://www.maricopa.gov/schools/
Marin COE,"1111 Las Gallinas Ave, San Rafael, CA 94913",http://www.marinschools.org/
Mariposa COE,"5082 Old Hwy North, Mariposa, CA 95338",http://www.mariposa.k12.ca.us/
Marquette/Alger RESA,"321 E Ohio St, Marquette, MI 49855",http://www.maresa.org/
Mecosta-Osceola ISD,"15760 190th Ave, Big Rapids, MI 49307",http://www.moisd.org/
Mendocino COE,"2240 Old River Rd, Ukiah, CA 95482",http://www.mcoe.us/
Merced COE,"632 West 13th St, Merced, CA 95340-5908",http://www.mcoe.org/
Mercer County ESC,"441 East Market St, Celina, OH 45822",http://www.mercercountyesc.org/
Metro RESA,"1870 Teasley Dr SE, Smyrna, GA 30080",http://www.mresa.org/
Miami County ESC,"2000 W Stanfield Rd, Troy, OH 45373",http://www.miami.k12.oh.us/
Middle Georgia RESA,"80 Cohen Walker Dr, B203, Warner Robins, GA 31088",https://www.mgresa.org/
Midland County ESA,"3917 Jefferson Ave, Midland, MI 48640",https://www.midlandesa.org/
Mid-Ohio ESC,"890 W Fourth St, Ste 100, Mansfield, OH 44906",http://www.moesc.net/
Midwestern IU 4,"453 Maple St, Grove City, PA 16127-2399",https://www.miu4.org/
Mississippi Bend AEA,"729 21st St, Bettendorf, IA 52722",http://www.aea9.k12.ia.us/
Modoc COE,"139 Henderson St, Alturas, CA 96101",http://www.modoccoe.k12.ca.us/
Mohave County,"700 W Beale St, Kingman, AZ 86402",http://www.mohavecounty.us/ContentPage.aspx%3Fid=130
Monmouth-Ocean ESC,"900 Green Grove Rd, Tinton Falls, NJ 07712",http://www.moesc.org/
Mono COE,"451 Sierra Park Rd, Mammoth Lakes, CA 93546",http://www.monocoe.org/
Monroe 1 BOCES,"41 O'Connor Rd, Fairport, NY 14450",http://www.monroe.edu/
Monroe 2-Orleans BOCES,"3599 Big Ridge Rd, Spencerport, NY 14559",http://www.monroe2boces.org/
Monroe County ISD,"1101 S Raisinville, Monroe, MI 48161",https://www.monroeisd.us/
Monterey COE,"901 Blanco Cir, Salinas, CA 93912-0851",http://www.montereycoe.org/
Montgomery County ESC,"200 South Keowee St, Dayton, OH 45402",http://www.mcesc.org/
Montgomery County IU 23,"2 W Lafayette St, Norristown, PA 19401",http://www.mciu.org/
Mountain BOCES,"27900 Co Rd 319, PO Box 897, Buena Vista, CO 81211",https://www.mtnboces.org/home
Mountain State ESC,"501 22nd St, Dunbar, WV 25064",https://www.mountainstateesc.com/
Mt. Evans BOCES,"PO Box 1069, Bailey, CO 80421",http://www.mtevansboces.com/
Multnomah ESD,"11611 NE Ainsworth Cir, Portland, OR 97220",http://www.mesd.k12.or.us/
Muskegon Area ISD,"630 Harvey St, Muskegon, MI 49442",http://www.muskegonisd.org/
Muskingum Valley ESC,"205 North Seventh St, Zanesville, OH 43701",https://www.mvesc.org/
Napa COE,"2121 Imola Ave, Napa, CA 94559",http://www.napacoe.org/
Nassau BOCES,"71 Clinton Rd, Garden City, NY 11530-9195",http://www.nassauboces.org/
Nat'l School Public Relations Assoc (NSPRA),"15948 Derwood Rd, Rockville, MD 20855",https://www.nspra.org/
Navajo County,"PO Box 668, Holbrook, AZ 86025-0668",http://www.navajocountyaz.gov/Departments/Superintendent-of-Schools
NE Metro Intermediate School District 916,"2540 County Rd F East, White Bear Lake, MN 55110",http://www.nemetro.k12.mn.us/
Nevada COE,"380 Crown Point Cir, Grass Valley, CA 95945",http://www.nevco.org/
New England School Development Council,"28 Lord Rd, Marlborough, MA 01752",https://www.nesdec.org/
Newaygo County RESA,"4747 W 48th St, Fremont, MI 49412",http://www.ncresa.org/
North Central Education Cooperative,"620 Main St, Bottineau, ND 58318",http://www.ncec.k12.nd.us/
North Central ESD (OR),"135 S Main St, Condon, OR 97823",https://www.ncesd.k12.or.us/
North Central ESD 171,"430 Olds Station Rd, Wenatchee, WA 98801",http://www.ncesd.org/
North Central OH ESC,"928 W Market St, Ste A, Tiffin, OH 44883",https://www.ncoesc.org/
North East Florida Educational Consortium,"3841 Reid St, Palatka, FL 32177",http://www.nefec.org/
North Mississippi Ed Consortium,"850 Insight Park Ave, Ste 253C, University, MS 38677-1848",http://www.nmec.net/
North River Collaborative,"198 Spring St, Rockland, MA 02370",http://www.northrivercollaborative.org/
Northcentral Arkansas ESC,"PO Box 739, Melbourne, AR 72556",http://naesc.k12.ar.us/
Northeast Arkansas ESC,"211 SW Hickory, Walnut Ridge, AR 72476",http://www.nea.k12.ar.us/
Northeast BOCES,"301 W Powell, PO Box 98, Haxtun, CO 80731",http://www.neboces.org/
Northeast Education Services Cooperative,"810 10th St SE, Devils Lake, ND 58301",http://www.nesc.k12.nd.us/
Northeast Georgia RESA,"375 Winter St, Winterville, GA 30683",https://www.negaresa.org/
Northeast Regional Education Cooperative 4,"1005 Diamond Ave, NMHU Campus, 302B, PO Box 927, Las Vegas, NM 87701",http://www.rec4.com/
Northeast Service Cooperative,"5525 Emerald Ave, Mt. Iron, MN 55768",http://www.nesc.k12.mn.us/
NorthEast Washington ESD 101,"4202 S Regal, Spokane, WA 99223-7738",http://www.esd101.net/
Northeastern Education IU 19,"1200 Line St, Archbald, PA 18403-1918",http://www.neiu.org/
Northeastern Utah Educational Services,"35 S Main St, Heber City, UT 84032",http://www.nucenter.org/
Northern KY CES (NKCES),"5516 East Alexandria Pike, Cold Springs, KY 41076",http://www.nkces.org/
Northern Region ESC,"82 Totowa Rd, 2nd Fl, Wayne, NJ 07470",https://www.nresc.org/
Northern/Northwest Indiana ESC,"56535 Magnetic Dr, Mishawaka, IN 46545",https://niesc.org/
Northshore Education Consortium,"112 Sohier Rd, Beverly, MA 01915",http://www.nsedu.org/
Northwest AEA,"1520 Morningside Ave, Sioux City, IA 51106",https://www.nwaea.org/
Northwest Arkansas ESC,"4 North Double Springs Rd, Farmington, AR 72730",http://www.starfishnw.org/
Northwest BOCES,"325 7th St, PO Box 773390, Steamboat Springs, CO 80477",http://www.nwboces.org/
Northwest Education Services,"1101 Red Dr, Traverse City, MI 49684",https://www.northwested.org/
Northwest ESD 189,"1601 R Ave, Anacortes, WA 98221",http://www.nwesd.org/
Northwest Kansas ESC,"703 West 2nd St, Oakley, KS 67748-1251",http://www.nkesc.org/
Northwest Ohio ESC,"205 Nolan Pkwy, Archbold, OH 43502",http://www.nwoesc.k12.oh.us/
Northwest REC 2,"PO Box 113, Chama, NM 87520",http://www.nwrec2.org/
Northwest Regional ESD,"5825 NE Ray Cir, Hillsboro, OR 97124",http://www.nwresd.k12.or.us/
Northwest RESA,"613 Cherry St, North Wilkesboro, NC 28659",http://www.nwresa.org/
Northwest Service Cooperative,"114 West First St, Thief River Falls, MN 56701",http://www.nw-service.k12.mn.us/
Northwest Tri-County IU 5,"252 Waterford St, Edinboro, PA 16412-2315",http://www.iu5.org/
Oakland Schools,"2111 Pontiac Lake Rd, Waterford, MI 48328",https://www.oakland.k12.mi.us/
Ohio Valley EC,"100 Alpine Dr, Shelbyville, KY 40065",http://www.ovec.org/
Olympic ESD 114,"105 National Ave N, Bremerton, WA 98312",https://www.oesd114.org/
Oneida-Herkimer-Madison BOCES,"4747 Middle Settlement Rd, PO Box 70, New Hartford, NY 13413-0070",http://www.oneida-boces.org/
Onondaga-Cortland-Madison BOCES,"PO Box 4754, Syracuse, NY 13211",http://www.ocmboces.org/
Orange County DOE,"200 Kalmus Dr, Costa Mesa, CA 92628-9050",http://www.ocde.us/
Orange-Ulster BOCES,"53 Gibson Rd, Goshen, NY 10924-9777",http://www.ouboces.org/
Orion Education & Training,"13939 Diagonal Rd, Clearwater, KS 67026",http://www.sckesc.org/
Orleans-Niagara BOCES,"4232 Shelby Basin Rd, Medina, NY 14103",http://www.onboces.org/
Otsego-Northern Catskills BOCES,"2020 Jump Brook Rd, Grand Gorge, NY 12434",http://www.oncboces.org/
Ottawa Area ISD,"13565 Port Sheldon St, Holland, MI 49424",http://www.oaisd.org/oaisd/
Ozarks Unlimited Resources ESC,"5823 Resource Dr, Harrison, AR 72601",https://www.oursc.k12.ar.us/
Panhandle Area Ed Consrtm (PAEC),"753 West Blvd, Chipley, FL 32428",http://www.paec.org/
Pecos Valley REC 8,"2218 W Grand Ave, Artesia, NM 88210",http://www.pvrec8.com/
Pickaway County ESC,"2050 Stoneridge Dr, Circleville, OH 43113-8954",http://www.pickawayesc.org/
Piedmont Triad Ed Consortium,"PO Box 541, Jamestown, NC 27282",http://www.ptecnet.org/
Pikes Peak BOCES,"2883 South Circle Dr, Colorado Springs, CO 80906",http://www.ppboces.org/
Pima County,"200 N Stone Ave, Tucson, AZ 85701",http://www.schools.pima.gov/
Pinal County,"75 N Bailey, PO Box 769, Florence, AZ 85132",http://www.pinalcso.org/
Pioneer RESA,"1342 GA-254, Cleveland, GA 30528",http://www.pioneerresa.org/
Pittsburgh Mount Oliver IU 2,"1305 Muriel St, Pittsburgh, PA 15203",https://www.pmoiu2.us/
Placer COE,"360 Nevada St, Auburn, CA 95603-3779",http://www.placercoe.k12.ca.us/
Plumas COE,"50 Church St, Quincy, CA 95971-6009",http://www.pcoe.k12.ca.us/
Prairie Lakes AEA,"500 NE 6th St, Pocohontas, IA 50574",https://www.plaea.org/
Puget Sound ESD,"800 Oakesdale Ave SW, Renton, WA 98057",http://www.psesd.org/
Putnam-Northern Westchester BOCES,"200 BOCES Dr, Yorktown Heights, NY 10598-4399",http://www.pnwboces.org/
Questar III BOCES,"10 Empire State Blvd, 2nd Fl, Castleton, NY 12033",http://www.questar.org/
READS Collaborative,"105 East Grove St, Middleboro, MA 02346",http://www.readscollab.org/
Red River Valley Education Cooperative,"4201 James Ray Dr, Ste 2001, Grand Forks, ND 58202",https://sites.google.com/a/rrvecnd.org/rrvec/about-us
Region 01 ESC,"1900 W Schunior, Edinburg, TX 78541",http://www.esc1.net/
Region 02 ESC,"209 N Water St, Corpus Christi, TX 78401-2599",http://www.esc2.net/
Region 03 ESC,"1905 Leary Ln, Victoria, TX 77901-2899",http://www.esc3.net/
Region 04 ESC,"7145 W Tidwell, Houston, TX 77092",http://www.esc4.net/
Region 05 ESC,"350 Pine St, Ste 500, Beaumont, TX 77701",http://www.esc5.net/
Region 06 ESC,"3332 Montgomery Rd, Huntsville, TX 77340-6499",http://www.esc6.net/
Region 07 ESC,"1909 N Longview St, Kilgore, TX 75662",http://www.esc7.net/
Region 08 ESC,"4845 US Hwy 271 N, Pittsburg, TX 75686",http://www.reg8.net/
Region 09 ESC,"301 Loop 11, Wichita Falls, TX 76306",http://www.esc9.net/
Region 10 ESC,"400 E Spring Valley Rd, Richardson, TX 75081-5101",http://www.region10.org/
Region 11 ESC,"1451 S Cherry Ln, White Settlement, TX 76108",http://www.esc11.net/
Region 12 ESC,"PO Box 23409, 2101 W Loop 340, Waco, TX 76702-3409",http://www.esc12.net/
Region 13 ESC,"5701 Springdale Rd, Austin, TX 78723-3675",http://www.esc13.net/
Region 14 ESC,"1850 Hwy 351, Abilene, TX 79601",http://www.esc14.net/
Region 15 ESC,"PO Box 5199, 612 S Irene St, San Angelo, TX 76902-5199",https://www.esc15.net/
Region 16 ESC,"5800 Bell St, Amarillo, TX 79109-6230",http://www.esc16.net/
Region 17 ESC,"1111 W Loop 289, Lubbock, TX 79416-5029",http://www.esc17.net/
Region 18 ESC,"PO Box 60580, 2811 LaForce Blvd, Midland, TX 79711-0580",http://www.esc18.net/
Region 19 ESC,"PO Box 971127, 6611 Boeing Dr, El Paso, TX 79997-1127",http://www.esc19.net/
Region 20 ESC,"1314 Hines Ave, San Antonio, TX 78208-1899",http://www.esc20.net/
Region 8 ESC (IN),"1027 W Rudisill Blvd, PO Box 17, Fort Wayne, IN 46807",http://www.r8esc.k12.in.us/
Region 9 Education Cooperative,"2002 Sudderth Dr, Ruidoso, NM 88345",http://www.rec9nm.org/
Region V BOCES,"3850 N Wilderness Dr, PO Box 899, Wilson, WY 83014",http://www.boces5.org/
Regional Education Cooperative 7,"315 E Clinton, Hobbs, NM 88240",http://www.hobbsschools.net/department/regional_education_cooperative_7
Regional Educational Cooperative 6,"1500 S Ave K, Station #9, Portales, NM 88130",http://www.rec6.net/
Regional Office of Education 04,"300 Heart Blvd, Loves Park, IL 61111-7516",http://www.rec6.net/
Regional Office of Education 12,"300 West Main St, Robinson, IL 62454",http://www.roe12.org/
Regional Office of Education 17,"201 E Grove St, Ste 300, Bloomington, IL 61701",https://www.roe17.org/
Regional Office of Education 47,"1001 W 23rd St, Sterling, IL 61081",https://www.roe17.org/
Resource Training and Solutions,"137 23rd St S, Sartell, MN 56377",http://www.resourcetraining.com/
Rio Blanco Special BOCES,"402 W Main, Ste 219, Rangely, CO 81648",http://www.rioblancoboces.org/
Riverside COE,"3939 13th St, Riverside, CA 92502-0868",http://www.rcoe.us/
Riverview IU 6,"270 Mayfield Rd, Clarion, PA 16214",http://www.riu6.org/riverviewiu6/site/default.asp
Rockland BOCES,"65 Parrott Rd, West Nyack, NY 10994",http://www.rocklandboces.org/
Rocky Mountain School of Expeditionary Learning,"1700 South Holly St, Denver, CO 80222",http://www.rmsel.org/
Rough Rider Education Services Program,"St. Joe's Plaza, 30 7th Street West, Dickinson, ND 58601",http://www.resp-k12-education.org/
Sacramento COE,"10474 Mather Blvd, Mather, CA 95655",http://www.scoe.net/
Saginaw ISD,"3933 Barnard Rd, Saginaw, MI 48603",http://www.sisd.cc/
San Benito COE,"460 Fifth St, Hollister, CA 95023-3841",http://www.sbcoe.org/
San Bernardino COE,"601 North E St, San Bernardino, CA 92410-3093",http://www.sbcss.k12.ca.us/
San Diego COE,"6401 Linda Vista Rd, San Diego, CA 92111-7399",http://www.sdcoe.net/
San Francisco COE,"555 Franklin St, 3rd Fl, San Francisco, CA 94102",http://www.sfusd.edu/
San Joaquin COE,"2922 Transworld Dr, Stockton, CA 95206",http://www.sjcoe.org/
San Juan BOCES,"701 Camino Del Rio, Ste 221, Durango, CO 81301",http://www.sjboces.org/
San Luis Obispo COE,"3350 Education Dr, San Luis Obispo, CA 93405",http://www.slocoe.org/
San Luis Valley BOCES,"2261 Enterprise Dr, Alamosa, CO 81101",http://www.slvboces.org/
San Mateo COE,"101 Twin Dolphin Dr, Redwood City, CA 94065-1064",http://www.smcoe.org/
Sandhills Region Education Consortium,"10205 US Hwy 15-501, Unit 26, Box 151, Southern Pines, NC 28387",http://www.srecnc.com/
Santa Barbara COE,"4400 Cathedral Oaks Rd, Santa Barbara, CA 93110",http://www.sbceo.org/
Santa Clara COE,"1290 Ridder Park Dr, San Jose, CA 95131-2398",http://www.sccoe.org/
Santa Cruz COE,"400 Encinal St, Santa Cruz, CA 95060",http://www.santacruz.k12.ca.us/
Santa Cruz County,"2150 North Congress Dr, #107, Nogales, AZ 85621",http://www.santacruzcountyaz.gov/294/Superintendent-of-Schools
Santa Fe Trail BOCES,"302 Colorado Ave, PO Box 980, La Junta, CO 81050",http://www.sftboces.org/
School District of Philadelphia,"440 North Broad St, Philadelphia, PA 19130",https://www.philasd.org/
School Services of Montana,"4055 Valley Commons Dr, Ste G, Bozeman, MT 59718",https://www.mt-schools.org/
Schuylkill IU 29,"17 Maple Ave, PO Box 130, Mar Lin, PA 17951",http://www.iu29.org/
SEEM Collaborative,"92 Montvale Ave, Ste 3500, Stoneham, MA 02180",http://www.seemcollaborative.org/
Seneca Highlands IU 9,"119 S Mechanic St, Smethport, PA 16749-0566",http://www.iu9.org/
SERRC-Alaska's Ed Resource Center,"210 Ferry Way, Juneau, AK 99801",http://www.serrc.org/
Shasta COE,"1644 Magnolia Ave, Redding, CA 96001-1599",http://www.shastacoe.org/
Shiawassee RESD,"1025 N Shiawassee St, Corunna, MI 48817-1151",http://www.sresd.org/
Shore Educational Collaborative,"100 Revere Beach Pkwy, Chelsea, MA 02150",http://www.shorecollaborative.org/
Sierra COE,"109 Beckwith Rd, Loyalton, CA 96118",http://www.sierracountyofficeofeducation.org/
Siskiyou COE,"609 South Gold St, Yreka, CA 96097",http://www.siskiyoucoe.net/
Smoky Hill Education Service Center,"605 E Crawford, Salina, KS 67401",http://www.smokyhill.org/
Solano COE,"5100 Business Center Dr, Fairfield, CA 94534-1658",http://www.solanocoe.net/
Somerset County ESC,"991 Rt 22 W, Ste 301, Bridgewater, NJ 08807",http://www.sc.esc.k12.nj.us/
Sonoma COE,"5340 Skylane Blvd, Santa Rosa, CA 95403-8246",http://www.scoe.org/
Sourcewell,"202 12th St NE, PO Box 219, Staples, MN 56479-9502",https://www.sourcewell-mn.gov/
South Central BOCES,"323 S Purcell Blvd, Pueblo West, CO 81007",http://www.sc-boces.org/
South Central ESC,"2235 California Ave SW, Camden, AR 71701",http://www.scscoop.org/
South Central Ohio ESC,"522 Glenwood Ave, New Boston, OH 45662",http://www.scoesc.org/
South Central Service Cooperative,"2075 Lookout Dr, North Mankato, MN 56003",http://www.mnscsc.org/
South Coast Ed Collaborative,"2201 GAR Hwy, Swansea, MA 02777",http://www.scecoll.org/
South Coast ESD,"1350 Teakwood Ave, Coos Bay, OR 97420",http://www.scesd.k12.or.us/
South East Education Cooperative,"1305 9th Ave S, Fargo, ND 58103",http://www.ndseec.com/
South Shore Educational Collaborative,"75 Abington St, Hingham, MA 02043",http://www.ssec.org/
Southeast Arkansas ESC,"1022 Scogin Dr, Monticello, AR 71655",http://se.sesc.k12.ar.us/
Southeast Kansas ESC Greenbush,"947 W 47 Hwy, PO Box 189, Girard, KS 66743-0189",http://www.greenbush.org/
Southeast Service Cooperative,"210 Wood Lake Dr SE, Rochester, MN 55904",http://www.ssc.k12.mn.us/
Southeast/South Central EC,"PO Box 1777, Richmond, KY 40476-1777",http://www.sesccoop.org/
Southeastern BOCES,"PO Box 1137, Lamar, CO 81052-1137",http://www.seboces.org/
Southeastern Massachusetts Educ Collaborative,"25 Russells Mills Rd, Dartmouth, MA 02748",http://www.smecollaborative.org/
Southern Indiana ESC,"1102 Tree Ln Dr, Jasper, IN 47546",http://www.siec.k12.in.us/
Southern Ohio ESC,"3321 Airborne Rd, Wilmington, OH 45177",http://www.southernohioesc.org/
Southern Oregon ESD,"101 N Grape St, Medford, OR 97501",http://www.soesd.k12.or.us/
Southern RESA,"PO Box 18859, Hattiesburg, MS 39404",http://www.s-resa.org/
Southern Westchester BOCES,"17 Berkley Dr, Rye Brook, NY 10573",http://www.swboces.org/
Southern Worcester County EC,"PO Box 517, Southbridge, MA 01550",http://www.swcec.org/
Southwest Arkansas ESC,"2502 South Main St, Hope, AR 71801",http://www.swaec.org/
Southwest Metro Intermediate District 288,"4601 Dean Lakes Blvd, Shakopee, MN 55379",http://swmetro.k12.mn.us/
Southwest Mississippi Education Consortium,"3825 Ridgewood Rd, Jackson, MS 39211",https://smec.msresaservices.com/
Southwest Plains RSC,"810 Lark Ave, PO Box 1010, Sublette, KS 67877",http://www.swprsc.org/
Southwest REC 10,"405 N Date St #8, Truth or Consequence, NM 87901",http://www.swrecnm.org/
St. Clair RESA,"499 Range Rd, PO Box 1500, Marysville, MI 48040",http://www.sccresa.org/
St. Joseph County ISD,"62445 Shimmel Rd, Centreville, MI 49032",http://www.sjcisd.org/
St. Lawrence-Lewis BOCES,"40 W Main St, PO Box 231, Canton, NY 13617",http://www.sllboces.org/
Stanislaus COE,"1100 H St, Modesto, CA 95354",http://www.stancoe.org/
Stark County ESC,"6057 Strip Ave NW, North Canton, OH 44720",http://www.starkcountyesc.org/
Sullivan BOCES,"15 Sullivan Ave, Ste 1W, Liberty, NY 12754-2151",http://www.scboces.org/
Summit ESC,"420 Washington Ave, Ste 200, Cuyahoga Falls, OH 44221",https://www.summitesc.org/
Sussex County ESC,"10 Gail Ct, Sparta, NJ 07871",http://www.sussexesc.org/
Sutter COE,"970 Klamath Ln, Yuba City, CA 95993",http://www.sutter.k12.ca.us/
SWWC Service Cooperative,"1420 East College Dr, Marshall, MN 56258",http://www.swwc.org/
Tehama County DOE,"1135 Lincoln St, Red Bluff, CA 96080",http://www.tehamaschools.org/
The Education Cooperative,"141 Mansion Dr, Ste 200, East Walpole, MA 02032",http://www.tec-coop.org/
Tompkins-Seneca-Tioga BOCES,"555 Warren Rd, Ithaca, NY 14850",https://www.ed2go.com/tstboces/about_us.html
Tri-County ESC,"741 Winkler Dr, Wooster, OH 44691",http://www.youresc.k12.oh.us/
Trinity COE,"201 Memorial Dr, Weaverville, CA 96093",http://www.tcoek12.org/
Trumbull County ESC,"6000 Youngstown Warren Rd, Niles, OH 44446-4603",http://www.trumbull.k12.oh.us/
Tulare COE,"6200 S Mooney Blvd, Visalia, CA 93278-5091",http://www.tcoe.org/
Tuolumne COE,"175 South Fairview Ln, Sonora, CA 95370",http://www.tcsos.us/
Tuscarora IU 11,"2527 US Hwy 522 S, McVeytown, PA 17051-9717",http://www.tiu11.org/
Ulster BOCES,"175 Rt 32 North, New Paltz, NY 12561",http://www.ulsterboces.org/
Uncompahgre BOCES,"1115 W Clinton, PO Box 728, Ridgway, CO 81432-0728",http://www.unboces.org/
Union County ESC,"45 Cardinal Dr, Westfield, NJ 07090",http://www.ucesc.org/
Ute Pass BOCES,"405 El Monte Pl, Manitou Springs, CO 80829",http://www.upboces.org/
Valley Collaborative,"40 Linnell Circle, Billerica, MA 01821",http://www.valleycollaborative.org/
Ventura COE,"5189 Verdugo Way, Camarillo, CA 93012",http://www.vcoe.org/
Wabash Valley ESC,"3061 Benton St, West Lafayette, IN 47906",http://www.esc5.k12.in.us/
Wallowa ESD,"107 SW First St, Ste 105, Enterprise, OR 97828",https://www.r18esd.org/
WA-Sartga-Wrrn-Hmltn-Essex BOCES,"10 LaCrosse St, Ste 6, Hudson Falls, NY 12839",http://www.wswheboces.org/
Washtenaw ISD,"1819 South Wagner Rd, PO Box 1406, Ann Arbor, MI 48106-1406",http://www.washtenawisd.org/
Wayne County RESA,"33500 Van Born Rd, Wayne, MI 48184",http://www.resa.net/
Wayne-Finger Lakes BOCES,"131 Drumlin Ct, Newark, NY 14513-1863",http://www.wflboces.org/
WERC Center (fka Great NW Education Cooperative),"222 University Ave, PO Box 1964, Williston, ND 58801",https://www.gnwec.org/
West 40 ISC 2,"415 W Lexington St, Maywood, IL 60153",https://www.west40.org/
West Bay Collaborative,"144 Bignall St, Warwick, RI 02888",http://www.westbaycollaborative.org/
West Central Indiana ESC,"1 N Calbert Way, Ste D, PO Box 21, Greencastle, IN 46135",http://www.wciesc.k12.in.us/
West Georgia RESA,"99 Brown School Dr, Grantville, GA 30220",https://garesaorg.wpcomstaging.com/
West Kentucky Educational Cooperative,"201 Hogancamp Gen Svs Bldg, Murray State U, Murray, KY 42071",http://www.wkec.org/
West Shore ESD,"2130 West US 10, Ludington, MI 49431",http://www.wsesd.org/
Western Montana Prof Learning Collaborative,"PO Box 1516, Trout Creek, MT 59874",https://www.wmplc.org/
Western RESA,"200 Ridgefield Court Suite 206, Asheville, NC 28806",https://www.wresa.org/
Western Suffolk BOCES,"507 Deer Park Rd, Huntington Station, NY 11746",http://www.wsboces.org/
Westmoreland IU 7,"102 Equity Dr, Greensburg, PA 15601-7190",http://wiu7.org/
Wexford-Missaukee ISD,"9907 E 13th St, Cadillac, MI 49601",http://www.wmisd.org/
Wilbur D. Mills ESC,"PO Box 850, Beebe, AR 72012-1016",http://www.wilbur.k12.ar.us/
Willamette ESD,"2611 Pringle Rd SE, Salem, OR 97302",http://www.wesd.org/
Wilson Education Service Center,"2101 Grace Ave, Charlestown, IN 47111",https://wesc.k12.in.us/
WSIPC,"2121 Casino Rd, Everett, WA 98204",https://www.wsipc.org/
Yavapai County,"2970 Centerpointe East Dr, Prescott, AZ 86301",http://www.ycesa.com/
Yolo COE,"1280 Santa Anita Ct, Ste 100, Woodland, CA 95776-6127",http://www.ycoe.org/
Yuba COE,"935 14th St, Marysville, CA 95901",http://www.yubacoe.org/
Yuma County,"210 South First Ave, Yuma, AZ 85364",http://www.yumasupt.org/
